id,user_id,flat_balance,crypto_balance,created_at,updated_at
1,1,33038.06,2.4685,2025-03-28 15:31:01,2024-12-26 09:50:18.000000
2,2,9949.27,3.4573,2024-09-11 06:43:32,2025-01-04 20:18:33.000000
3,3,41337.6,4.4948,2024-01-31 09:17:33,2025-01-11 21:04:28.000000
4,4,37664.87,2.2588,2024-10-04 12:44:46,2024-12-21 17:40:06.000000
5,5,34176.91,4.3427,2024-12-01 20:39:59,2025-01-04 17:37:33.000000
6,6,9084.63,3.0003,2025-03-31 11:13:25,2024-12-30 11:06:26.000000
7,7,23285.23,1.4409,2025-02-24 15:25:59,2024-12-30 17:34:14.000000
8,8,23058.99,4.3777,2025-05-19 10:01:39,2024-12-30 17:37:24.000000
9,9,33802.21,2.9808,2023-12-15 21:16:54,2024-12-30 09:56:34.000000
10,10,24093.28,2.9576,2024-03-09 20:57:27,2025-01-07 10:57:23.000000
11,11,17487.18,0.6657,2023-07-03 13:14:56,2025-01-16 12:22:33.000000
12,12,15681.8,4.4559,2025-04-03 00:30:33,2025-01-01 07:42:26.000000
13,13,14631.31,3.2227,2024-05-14 10:21:40,2024-12-24 12:04:38.000000
14,14,36100.65,4.3358,2024-01-13 07:37:54,2024-12-21 09:57:11.000000
15,15,34406.94,1.5523,2025-03-18 04:59:46,2025-01-19 12:24:19.000000
16,16,23946.82,2.3462,2024-02-16 11:31:53,2025-01-19 15:33:45.000000
17,17,12630.6,0.1369,2025-04-08 18:39:29,2025-01-11 05:08:25.000000
18,18,33091.71,0.2021,2024-07-13 23:42:45,2024-12-22 12:03:42.000000
19,19,36836.25,4.6333,2023-07-18 00:48:31,2024-12-22 00:43:20.000000
20,20,20779.74,4.9842,2024-01-28 16:37:28,2024-12-27 08:23:58.000000
21,21,1330.0,2.9473,2025-03-17 06:12:56,2024-12-21 07:29:00.000000
22,22,35778.07,0.4132,2023-07-03 01:32:12,2025-01-15 15:59:10.000000
23,23,6444.58,4.5943,2024-01-31 12:23:40,2025-01-03 14:51:18.000000
24,24,30848.3,2.8941,2023-11-11 19:30:53,2025-01-15 20:34:51.000000
25,25,16095.59,3.7946,2024-11-01 16:31:09,2025-01-13 06:23:45.000000
26,26,30244.84,1.4147,2023-10-16 13:20:00,2024-12-30 18:32:13.000000
27,27,2293.85,2.473,2024-03-13 13:33:33,2024-12-21 05:41:28.000000
28,28,33222.74,1.9096,2024-12-17 07:56:57,2024-12-25 11:20:59.000000
29,29,30022.11,1.3411,2024-09-07 16:07:54,2025-01-17 01:54:31.000000
30,30,21648.27,0.8291,2024-10-17 05:27:05,2025-01-17 15:49:47.000000
31,31,41938.91,0.8193,2024-06-27 16:18:32,2024-12-27 11:02:00.000000
32,32,43902.2,1.5133,2025-05-03 05:03:59,2025-01-08 21:03:37.000000
33,33,8177.96,3.7778,2025-04-27 14:45:10,2025-01-04 08:54:21.000000
34,34,11973.62,1.2127,2024-01-13 22:11:02,2024-12-26 03:46:29.000000
35,35,46924.45,0.3978,2023-11-22 08:42:24,2024-12-24 13:02:36.000000
36,36,35787.7,1.9204,2023-07-29 02:28:53,2025-01-12 21:31:35.000000
37,37,24164.47,1.9157,2023-07-21 10:20:12,2024-12-26 03:55:46.000000
38,38,26413.73,3.2361,2023-12-29 18:36:04,2024-12-21 13:15:20.000000
39,39,33309.07,1.839,2023-07-17 23:36:23,2024-12-31 12:13:35.000000
40,40,8041.45,4.1751,2024-12-15 03:15:31,2024-12-22 04:48:08.000000
41,41,3112.52,1.0622,2024-02-27 04:10:17,2024-12-23 07:08:27.000000
42,42,11093.56,1.4051,2024-09-18 02:11:30,2025-01-10 08:39:28.000000
43,43,41306.93,4.9071,2023-12-31 19:40:48,2024-12-25 20:47:16.000000
44,44,33344.47,4.817,2024-07-19 11:55:39,2025-01-18 12:02:50.000000
45,45,16084.97,2.8622,2023-12-25 06:07:43,2024-12-31 14:04:11.000000
46,46,11888.73,0.4696,2023-12-24 13:04:02,2025-01-18 01:00:08.000000
47,47,10201.72,1.9818,2024-06-01 23:27:08,2025-01-13 08:31:20.000000
48,48,14789.08,4.9209,2024-11-03 09:57:46,2025-01-07 00:29:27.000000
49,49,19705.89,2.0552,2023-12-22 11:07:22,2025-01-08 17:12:32.000000
50,50,25766.55,1.5746,2023-07-03 10:00:00,2024-12-29 09:36:23.000000
51,51,11016.16,3.3679,2024-11-20 00:46:30,2025-01-15 18:51:52.000000
52,52,22653.0,4.2646,2024-03-04 23:31:20,2025-01-13 22:34:51.000000
53,53,44638.27,0.3094,2025-02-05 18:55:58,2025-01-15 01:57:56.000000
54,54,1460.53,4.5328,2025-02-12 18:25:02,2025-01-18 08:21:12.000000
55,55,14846.98,4.2948,2024-11-16 18:46:57,2024-12-24 16:38:06.000000
56,56,10825.18,1.7873,2024-12-29 21:00:38,2025-01-17 21:07:27.000000
57,57,36322.28,3.5242,2023-07-30 10:37:11,2024-12-23 20:18:58.000000
58,58,48701.28,4.3898,2025-04-01 09:29:54,2025-01-08 12:36:47.000000
59,59,16146.95,4.0408,2025-04-19 01:36:12,2025-01-10 03:41:42.000000
60,60,29347.72,2.4778,2024-04-16 19:33:50,2025-01-08 18:27:21.000000
61,61,30650.46,1.6797,2023-11-23 05:44:56,2024-12-26 04:03:13.000000
62,62,22190.37,0.1329,2023-08-26 03:32:49,2025-01-17 23:58:21.000000
63,63,33305.86,2.4587,2023-07-06 04:24:35,2024-12-21 06:56:13.000000
64,64,42353.21,3.8546,2025-02-27 17:28:39,2025-01-17 11:09:58.000000
65,65,11861.5,4.5229,2024-04-18 11:15:44,2025-01-12 09:03:59.000000
66,66,49950.77,0.3539,2025-05-11 08:27:22,2025-01-01 23:10:13.000000
67,67,10117.14,3.634,2024-10-02 04:30:28,2025-01-15 20:26:59.000000
68,68,25654.02,0.5587,2025-05-12 16:03:24,2025-01-05 08:38:40.000000
69,69,43935.85,0.8399,2023-08-26 23:47:00,2025-01-18 20:49:13.000000
70,70,35275.01,4.4722,2023-11-10 19:27:04,2024-12-26 01:40:08.000000
71,71,6332.05,1.5908,2024-08-27 12:17:46,2025-01-17 23:37:15.000000
72,72,47329.14,0.2532,2024-07-16 02:28:03,2025-01-19 08:40:43.000000
73,73,29014.11,2.24,2025-01-06 23:54:19,2025-01-14 03:25:46.000000
74,74,29917.33,0.681,2023-11-17 16:55:28,2025-01-10 23:00:40.000000
75,75,33529.33,2.3114,2023-11-19 00:20:04,2024-12-29 19:43:43.000000
76,76,20793.4,1.8631,2025-03-22 23:17:11,2025-01-02 13:25:48.000000
77,77,16891.21,4.4405,2023-12-18 21:00:23,2025-01-06 06:31:39.000000
78,78,49994.7,2.9804,2024-09-04 08:47:41,2024-12-23 06:01:43.000000
79,79,30738.58,4.9814,2024-08-27 02:44:31,2025-01-16 07:45:54.000000
80,80,32708.58,4.5923,2024-07-28 23:07:33,2025-01-09 21:50:15.000000
81,81,46297.3,2.4506,2024-04-21 21:29:53,2025-01-04 22:48:54.000000
82,82,13423.44,3.8646,2025-02-21 07:13:55,2025-01-15 18:34:02.000000
83,83,14909.25,0.6502,2023-12-14 11:54:39,2024-12-23 06:46:43.000000
84,84,9337.97,4.5573,2023-10-13 01:09:51,2025-01-02 08:01:00.000000
85,85,1814.3,3.7634,2024-02-15 13:01:37,2025-01-09 05:26:28.000000
86,86,43503.47,1.3472,2024-06-21 04:53:40,2024-12-22 09:45:14.000000
87,87,47175.2,2.4336,2024-04-17 08:32:18,2025-01-03 10:00:25.000000
88,88,29501.95,0.9884,2025-04-08 22:01:17,2025-01-15 17:34:39.000000
89,89,30060.15,4.4846,2024-10-13 00:56:59,2025-01-07 09:03:24.000000
90,90,33819.57,2.2395,2023-07-04 04:38:17,2024-12-31 17:32:43.000000
91,91,7105.08,3.3803,2025-01-04 16:35:26,2025-01-19 14:52:05.000000
92,92,23223.69,4.0699,2025-01-13 12:59:40,2024-12-28 02:06:16.000000
93,93,43933.57,3.2102,2024-08-22 01:34:17,2024-12-31 04:39:14.000000
94,94,30511.89,3.9542,2024-04-13 03:49:08,2024-12-23 14:32:12.000000
95,95,4985.31,4.5672,2025-05-08 08:41:14,2025-01-12 10:09:18.000000
96,96,1176.09,0.922,2023-09-13 18:06:48,2025-01-19 02:49:40.000000
97,97,26634.05,4.4544,2023-06-06 01:45:48,2024-12-29 17:03:42.000000
98,98,25412.46,3.7913,2025-01-20 02:37:55,2024-12-27 05:54:34.000000
99,99,15936.22,4.4554,2025-04-16 14:44:28,2025-01-18 20:19:16.000000
100,100,44439.03,2.5506,2025-02-01 08:09:42,2024-12-24 16:02:19.000000
101,101,37456.32,3.1302,2025-01-11 00:37:36,2025-01-02 13:47:38.000000
102,102,25503.4,2.2527,2023-12-30 07:02:26,2025-01-10 20:43:42.000000
103,103,45772.32,3.99,2024-12-22 02:32:50,2025-01-16 14:39:03.000000
104,104,20297.37,1.4642,2023-05-29 11:06:05,2024-12-21 03:08:07.000000
105,105,47857.09,3.0273,2023-09-26 01:20:47,2025-01-05 06:49:28.000000
106,106,2576.84,2.5581,2024-03-14 19:41:58,2025-01-09 13:14:05.000000
107,107,15675.01,4.2489,2024-04-21 04:22:53,2025-01-12 23:14:33.000000
108,108,16126.39,3.6847,2024-11-24 08:42:07,2025-01-12 15:36:24.000000
109,109,9026.13,0.8492,2023-09-01 04:38:04,2025-01-17 00:42:06.000000
110,110,7272.22,4.6923,2023-10-08 06:47:22,2025-01-13 14:19:20.000000
111,111,14896.45,1.8929,2023-11-04 05:03:39,2024-12-28 13:43:27.000000
112,112,18747.77,2.8388,2025-05-15 22:25:34,2024-12-22 00:00:55.000000
113,113,35598.65,4.9378,2024-12-05 06:24:08,2025-01-13 13:58:38.000000
114,114,47067.23,0.2797,2024-08-23 16:09:26,2024-12-22 00:05:42.000000
115,115,5531.96,2.5684,2023-06-29 03:07:31,2025-01-14 00:54:44.000000
116,116,7800.02,1.2165,2025-03-13 19:18:42,2025-01-09 22:52:07.000000
117,117,6396.11,1.3475,2023-06-28 22:48:20,2025-01-01 16:30:25.000000
118,118,11266.53,1.4076,2024-08-06 16:47:01,2024-12-24 15:14:34.000000
119,119,20782.15,4.9798,2023-06-22 05:28:58,2025-01-13 14:23:08.000000
120,120,23309.31,4.1545,2025-03-20 17:56:05,2025-01-14 13:28:43.000000
121,121,32033.79,1.7299,2024-05-13 09:49:52,2024-12-24 22:41:42.000000
122,122,29711.86,2.9747,2024-06-03 11:03:49,2025-01-14 18:20:50.000000
123,123,14012.58,3.0677,2024-01-17 03:28:56,2024-12-23 06:01:13.000000
124,124,37231.85,2.1659,2023-10-22 12:30:34,2024-12-26 05:05:38.000000
125,125,1462.12,1.3003,2023-12-21 01:02:34,2025-01-19 00:13:50.000000
126,126,30013.83,3.7713,2023-12-30 08:35:38,2024-12-26 04:28:06.000000
127,127,23135.54,4.9318,2024-01-08 22:03:59,2025-01-03 14:30:36.000000
128,128,16648.07,2.1133,2023-08-09 13:10:08,2024-12-21 16:59:27.000000
129,129,46618.71,1.9016,2024-02-18 19:47:40,2025-01-04 05:14:18.000000
130,130,5869.86,1.8625,2024-12-23 20:33:57,2025-01-06 01:57:09.000000
131,131,10045.23,1.5269,2025-05-16 14:01:28,2024-12-23 13:16:44.000000
132,132,47148.75,4.5491,2023-07-28 08:04:28,2025-01-12 13:55:52.000000
133,133,42489.1,0.2931,2024-06-17 12:11:07,2025-01-02 00:58:01.000000
134,134,4496.55,4.2536,2024-08-24 07:26:54,2025-01-15 06:11:19.000000
135,135,22528.94,0.1472,2023-09-15 11:27:19,2025-01-06 07:48:25.000000
136,136,48643.34,1.6098,2024-11-20 16:48:14,2025-01-12 11:50:33.000000
137,137,11009.34,4.1812,2025-04-07 23:00:23,2025-01-13 22:08:01.000000
138,138,28823.42,1.7478,2023-09-20 04:33:44,2025-01-10 01:15:53.000000
139,139,28128.27,2.3999,2025-04-06 06:36:41,2025-01-18 04:06:24.000000
140,140,24748.5,3.3962,2024-01-09 17:42:28,2025-01-17 00:16:08.000000
141,141,6870.0,2.8414,2024-12-08 19:52:26,2024-12-31 18:11:21.000000
142,142,45817.78,4.5677,2024-01-19 02:58:55,2025-01-03 10:51:32.000000
143,143,37085.9,0.3102,2024-07-20 23:57:04,2025-01-10 16:54:37.000000
144,144,30924.57,1.9181,2023-06-13 22:28:13,2024-12-22 20:04:54.000000
145,145,38256.03,1.566,2024-03-31 07:09:23,2024-12-29 08:49:37.000000
146,146,23924.28,1.7475,2024-03-22 03:33:49,2025-01-19 10:37:44.000000
147,147,42835.34,0.4313,2025-02-24 13:56:55,2024-12-26 00:33:36.000000
148,148,20665.72,0.2862,2024-07-15 20:31:12,2024-12-23 14:56:45.000000
149,149,21631.44,1.8699,2024-10-05 06:52:32,2025-01-12 12:08:02.000000
150,150,42000.95,3.2545,2024-07-25 13:15:42,2024-12-25 19:59:20.000000
151,151,33926.54,1.3867,2024-06-14 14:11:53,2025-01-02 02:45:41.000000
152,152,9178.18,2.0115,2023-12-12 07:38:04,2024-12-31 00:55:11.000000
153,153,8137.61,3.2144,2024-11-19 10:30:24,2024-12-30 10:29:36.000000
154,154,13646.59,0.8716,2025-03-28 14:43:20,2024-12-20 21:40:15.000000
155,155,6084.31,4.584,2024-08-17 21:37:41,2025-01-15 11:31:49.000000
156,156,6961.05,1.2286,2025-04-27 12:58:36,2025-01-03 09:06:50.000000
157,157,36503.97,1.3073,2024-07-10 06:22:43,2025-01-14 17:33:27.000000
158,158,34814.85,0.6298,2023-07-27 07:20:53,2024-12-31 09:30:08.000000
159,159,46275.76,0.4009,2023-12-24 19:22:27,2025-01-11 18:25:11.000000
160,160,22896.61,4.7729,2023-07-21 19:04:14,2024-12-21 00:30:55.000000
161,161,1032.74,2.6973,2023-05-27 16:31:55,2025-01-14 02:43:45.000000
162,162,7576.46,4.9677,2025-05-20 03:00:47,2025-01-02 11:45:20.000000
163,163,37351.44,4.4132,2024-10-15 10:13:23,2025-01-13 03:54:52.000000
164,164,23572.1,4.8048,2024-05-29 03:29:48,2025-01-09 03:36:33.000000
165,165,47622.54,1.4626,2023-08-03 21:31:17,2024-12-30 03:08:12.000000
166,166,44546.24,1.021,2023-10-08 05:45:35,2024-12-30 15:51:22.000000
167,167,12798.7,0.8202,2023-12-03 22:19:26,2024-12-23 03:23:56.000000
168,168,32818.01,2.395,2025-04-30 15:28:22,2025-01-17 14:44:19.000000
169,169,30012.08,4.6603,2024-07-28 11:43:53,2025-01-09 00:51:05.000000
170,170,7421.75,4.4694,2023-12-20 18:08:04,2025-01-01 01:35:25.000000
171,171,8085.69,1.4483,2024-01-13 07:04:02,2025-01-18 07:07:42.000000
172,172,7994.63,4.5226,2023-06-05 06:34:16,2025-01-15 12:08:39.000000
173,173,1407.88,1.7358,2024-08-05 08:28:57,2025-01-19 01:04:59.000000
174,174,9048.15,0.9403,2024-01-28 11:50:06,2025-01-02 13:31:33.000000
175,175,2230.19,3.7142,2025-04-28 13:55:46,2024-12-25 14:03:39.000000
176,176,41924.41,2.7866,2024-11-27 15:06:43,2024-12-21 19:38:04.000000
177,177,36153.02,2.2703,2024-11-20 09:34:27,2024-12-23 09:45:18.000000
178,178,16023.77,1.9139,2024-04-28 09:42:42,2025-01-15 06:19:24.000000
179,179,15260.32,4.2984,2024-09-14 12:59:13,2025-01-04 03:36:37.000000
180,180,11884.16,3.5524,2024-03-09 07:37:20,2025-01-03 22:58:46.000000
181,181,39866.74,1.4509,2023-06-06 23:02:55,2024-12-24 22:07:10.000000
182,182,9661.45,1.1386,2023-08-30 18:14:32,2025-01-08 12:33:57.000000
183,183,23670.64,2.1087,2024-05-05 05:20:16,2024-12-22 20:04:47.000000
184,184,37280.85,2.5091,2023-09-03 04:48:31,2025-01-03 09:05:33.000000
185,185,48411.94,0.1726,2024-01-19 09:58:56,2025-01-07 08:53:13.000000
186,186,46367.16,3.8295,2025-02-24 06:10:07,2025-01-02 12:46:20.000000
187,187,35195.49,0.4304,2024-10-17 17:50:17,2025-01-14 02:50:19.000000
188,188,7404.61,2.0249,2024-08-07 03:21:19,2025-01-12 15:25:55.000000
189,189,44483.39,3.2345,2025-04-18 05:28:24,2025-01-14 20:17:13.000000
190,190,9336.81,2.2984,2023-05-24 08:23:01,2025-01-06 08:30:19.000000
191,191,14563.7,0.6534,2023-08-21 03:32:05,2025-01-13 03:10:43.000000
192,192,34655.19,2.65,2023-12-22 06:53:10,2025-01-09 00:17:02.000000
193,193,15805.51,2.4817,2023-10-29 02:08:02,2025-01-03 14:33:45.000000
194,194,8396.59,0.8414,2024-10-31 19:12:32,2025-01-15 11:20:55.000000
195,195,13431.47,1.8026,2024-04-03 20:52:07,2024-12-30 05:00:45.000000
196,196,32000.0,2.8311,2023-10-15 02:02:34,2024-12-30 08:24:55.000000
197,197,35418.21,4.8807,2024-07-28 13:59:56,2025-01-13 14:17:57.000000
198,198,46060.59,0.809,2023-09-21 00:26:58,2025-01-06 19:06:11.000000
199,199,38456.22,3.5404,2024-04-14 04:07:12,2025-01-03 17:13:08.000000
200,200,49023.2,0.2507,2025-01-06 21:44:50,2025-01-04 20:50:22.000000
201,201,40460.14,0.3631,2024-05-15 14:26:29,2025-01-06 14:07:25.000000
202,202,44232.77,3.9025,2023-09-16 17:39:22,2024-12-30 21:37:31.000000
203,203,31375.11,4.2021,2023-09-17 18:08:24,2025-01-12 03:35:45.000000
204,204,46357.0,2.9231,2024-12-26 08:20:47,2025-01-10 14:50:36.000000
205,205,10947.52,2.9089,2025-03-03 22:55:30,2025-01-10 20:15:41.000000
206,206,34900.08,1.0304,2024-02-08 14:43:40,2025-01-18 20:47:45.000000
207,207,6556.33,0.329,2023-09-11 05:45:58,2024-12-21 09:08:45.000000
208,208,37060.76,0.3432,2023-06-05 11:15:15,2024-12-29 03:24:23.000000
209,209,12172.74,4.4812,2024-11-15 00:40:16,2025-01-11 14:41:54.000000
210,210,28692.02,4.9794,2023-05-29 01:54:32,2024-12-21 07:05:26.000000
211,211,9289.54,3.5998,2023-08-21 20:40:51,2024-12-20 21:19:23.000000
212,212,31028.39,0.9339,2024-03-28 22:58:33,2024-12-30 17:28:51.000000
213,213,41469.67,3.6212,2024-08-31 06:19:16,2025-01-08 20:58:17.000000
214,214,9213.03,4.4271,2024-08-25 03:18:35,2025-01-06 07:34:51.000000
215,215,29167.0,2.3345,2024-12-27 22:27:18,2025-01-07 23:11:52.000000
216,216,16874.1,3.323,2024-07-28 01:37:59,2024-12-27 04:31:31.000000
217,217,45304.16,2.3829,2025-05-01 19:17:48,2025-01-11 19:42:58.000000
218,218,46492.31,0.8472,2024-08-31 21:36:31,2025-01-05 17:29:31.000000
219,219,8161.85,3.7654,2024-05-14 02:24:08,2024-12-30 20:17:57.000000
220,220,21926.2,0.282,2025-04-19 17:09:37,2024-12-23 01:08:20.000000
221,221,43320.4,3.1948,2024-02-22 18:50:45,2025-01-04 12:31:21.000000
222,222,34468.69,4.0977,2024-01-03 06:33:41,2025-01-18 20:09:17.000000
223,223,21035.47,1.1976,2024-07-21 22:11:54,2025-01-02 13:46:06.000000
224,224,10493.65,4.3632,2023-11-06 03:10:34,2024-12-24 02:31:15.000000
225,225,2707.51,4.9147,2023-11-18 19:25:12,2025-01-02 07:46:28.000000
226,226,17162.14,1.2691,2024-06-17 22:37:00,2024-12-22 14:41:50.000000
227,227,2924.48,3.5784,2024-03-13 14:40:12,2024-12-22 02:02:38.000000
228,228,6742.86,1.6091,2023-06-26 00:20:17,2024-12-30 02:11:00.000000
229,229,31356.53,2.0443,2023-09-30 20:23:25,2024-12-29 06:17:28.000000
230,230,40371.41,2.5512,2024-03-10 13:22:54,2025-01-14 02:30:10.000000
231,231,44824.27,0.9031,2024-01-09 18:59:30,2024-12-22 07:00:23.000000
232,232,44582.04,0.1548,2024-10-03 10:09:45,2024-12-22 15:45:10.000000
233,233,33062.35,3.9326,2024-09-04 03:03:44,2025-01-03 23:47:28.000000
234,234,21433.49,1.3663,2025-01-31 08:40:38,2024-12-21 16:35:58.000000
235,235,29517.05,4.6064,2023-08-11 21:45:52,2024-12-23 05:09:52.000000
236,236,11378.79,1.7108,2024-03-29 12:53:37,2025-02-06 09:56:03.000000
237,237,7726.38,1.6372,2024-08-21 17:56:08,2025-01-26 11:34:06.000000
238,238,46601.88,0.9406,2023-09-09 07:59:30,2025-02-08 18:33:23.000000
239,239,18729.09,3.9067,2025-04-12 03:22:52,2025-02-02 03:54:04.000000
240,240,42369.96,4.618,2024-04-19 02:00:11,2025-02-02 08:53:37.000000
241,241,37220.67,4.3162,2025-03-20 22:52:11,2025-02-17 13:03:23.000000
242,242,29484.34,1.0622,2024-05-10 10:49:38,2025-01-27 19:22:39.000000
243,243,11109.01,0.8801,2023-09-30 01:51:55,2025-01-30 03:01:54.000000
244,244,29199.66,0.6921,2024-10-17 16:01:31,2025-01-21 18:52:59.000000
245,245,32216.55,3.7939,2023-06-19 02:29:52,2025-02-05 18:50:40.000000
246,246,2776.29,4.1775,2024-06-03 16:53:55,2025-01-28 01:33:51.000000
247,247,41625.57,1.7537,2023-05-31 20:08:53,2025-01-30 00:23:18.000000
248,248,33620.94,4.1168,2025-02-14 12:48:38,2025-02-05 16:07:15.000000
249,249,23448.58,0.2197,2024-11-19 17:21:49,2025-02-08 18:21:37.000000
250,250,48827.85,2.7203,2023-07-07 18:40:03,2025-02-13 14:04:29.000000
251,251,34094.63,4.666,2023-07-16 07:29:59,2025-01-21 21:53:51.000000
252,252,28352.52,0.7229,2025-03-24 15:26:09,2025-01-28 17:29:33.000000
253,253,8608.24,4.8351,2025-02-15 02:54:06,2025-01-31 12:38:57.000000
254,254,40476.69,1.7576,2023-06-02 03:43:03,2025-01-21 03:06:55.000000
255,255,13385.63,3.2583,2024-01-30 22:52:16,2025-02-09 22:43:03.000000
256,256,23676.41,3.1631,2024-10-25 09:15:37,2025-02-12 15:12:46.000000
257,257,3132.27,2.8357,2025-05-13 13:41:56,2025-02-06 07:57:47.000000
258,258,27974.12,2.8836,2025-01-01 14:38:42,2025-01-25 13:05:47.000000
259,259,19964.9,4.9232,2024-01-04 20:22:23,2025-01-23 10:02:15.000000
260,260,46103.19,4.8671,2024-01-09 08:01:55,2025-02-17 09:56:23.000000
261,261,9152.22,1.8914,2023-07-25 19:55:48,2025-02-05 07:57:52.000000
262,262,12537.68,1.5436,2025-05-19 17:24:55,2025-02-06 09:38:50.000000
263,263,45755.93,0.1758,2024-11-26 11:59:38,2025-02-13 07:23:43.000000
264,264,7799.05,1.6594,2024-01-14 18:59:26,2025-02-10 15:52:38.000000
265,265,18923.93,1.8599,2023-10-03 13:37:07,2025-02-17 08:43:04.000000
266,266,16795.5,4.2957,2024-06-28 20:00:50,2025-02-13 04:11:41.000000
267,267,7324.56,0.8509,2024-05-26 04:34:54,2025-02-01 16:50:51.000000
268,268,29437.24,0.5369,2024-06-12 19:09:48,2025-01-23 20:01:18.000000
269,269,28090.25,0.8798,2025-05-16 14:19:00,2025-02-01 03:13:58.000000
270,270,28956.07,0.2036,2025-05-13 07:48:33,2025-01-28 11:39:00.000000
271,271,28954.57,2.3236,2024-06-23 10:30:33,2025-02-19 13:36:11.000000
272,272,8102.66,3.9398,2024-11-24 10:50:50,2025-01-30 07:01:38.000000
273,273,6006.09,4.7653,2024-01-21 21:54:20,2025-01-31 22:43:47.000000
274,274,36957.18,2.0137,2024-03-02 06:52:36,2025-02-02 02:01:52.000000
275,275,27151.71,3.3525,2025-04-11 06:12:08,2025-01-27 11:17:40.000000
276,276,47522.45,0.7833,2024-11-11 06:42:30,2025-02-02 20:30:55.000000
277,277,41827.95,3.078,2024-11-30 23:19:40,2025-01-30 20:37:59.000000
278,278,42123.35,0.63,2024-12-18 10:46:16,2025-02-17 22:17:30.000000
279,279,17548.92,0.3473,2024-02-06 10:56:26,2025-02-19 18:30:34.000000
280,280,9870.33,3.0775,2023-05-22 01:19:20,2025-01-25 00:08:52.000000
281,281,33771.58,2.0575,2025-04-04 01:04:57,2025-01-29 23:43:26.000000
282,282,14015.42,4.2618,2023-07-12 10:34:35,2025-02-17 03:45:41.000000
283,283,49976.91,0.9493,2024-05-09 20:36:55,2025-01-23 18:22:04.000000
284,284,21756.2,2.8907,2025-01-27 12:19:31,2025-02-01 19:01:48.000000
285,285,25318.5,4.7388,2024-11-19 22:02:58,2025-02-11 18:13:05.000000
286,286,27620.44,4.6811,2024-07-28 10:46:22,2025-02-19 00:25:39.000000
287,287,28176.61,4.6308,2024-07-08 04:35:11,2025-01-24 22:16:11.000000
288,288,2191.66,4.5246,2023-09-21 22:36:47,2025-01-26 13:07:34.000000
289,289,13938.35,3.1487,2024-03-17 20:39:42,2025-02-11 12:07:55.000000
290,290,24699.54,2.6201,2025-03-29 08:09:19,2025-01-22 12:33:24.000000
291,291,19331.98,3.3219,2023-11-02 10:41:09,2025-02-19 04:03:58.000000
292,292,42465.62,0.302,2024-07-16 01:11:34,2025-02-09 06:45:20.000000
293,293,12834.07,4.3689,2024-12-09 07:28:45,2025-02-07 10:21:39.000000
294,294,24425.69,3.1733,2025-02-14 04:47:49,2025-02-03 00:11:34.000000
295,295,33450.95,1.3537,2024-06-04 07:58:23,2025-01-29 07:07:03.000000
296,296,21817.89,2.913,2024-04-19 08:52:56,2025-01-27 15:39:55.000000
297,297,5408.7,1.2727,2023-08-28 23:20:23,2025-02-07 12:10:04.000000
298,298,20822.05,1.2924,2023-08-29 22:56:04,2025-02-11 06:25:36.000000
299,299,23245.61,1.4951,2025-01-16 12:20:41,2025-02-10 20:19:09.000000
300,300,29956.27,4.8321,2024-10-09 18:46:09,2025-01-21 23:19:57.000000
301,301,30610.16,2.8974,2023-08-12 16:54:16,2025-01-23 04:01:41.000000
302,302,40221.13,2.3351,2023-10-06 05:26:53,2025-01-25 16:24:33.000000
303,303,12422.0,4.058,2023-08-14 10:54:55,2025-02-03 09:46:40.000000
304,304,31317.23,4.3668,2025-02-21 12:56:33,2025-02-10 03:18:26.000000
305,305,23508.11,1.9112,2025-03-16 16:36:03,2025-01-26 23:27:13.000000
306,306,34722.58,4.6441,2024-09-26 20:10:52,2025-01-26 01:04:36.000000
307,307,12356.91,3.4762,2024-09-18 04:41:23,2025-02-15 17:23:37.000000
308,308,22116.13,4.2267,2025-02-26 05:37:16,2025-01-29 12:01:21.000000
309,309,48200.29,4.5672,2025-01-12 07:14:43,2025-02-17 07:22:30.000000
310,310,21510.63,3.6666,2024-02-18 05:05:32,2025-01-31 08:51:02.000000
311,311,16023.2,2.4346,2025-04-16 03:08:34,2025-02-06 04:07:22.000000
312,312,5212.42,2.931,2025-01-24 06:46:57,2025-01-27 07:47:36.000000
313,313,48906.11,3.6132,2024-06-08 20:36:33,2025-01-27 13:02:12.000000
314,314,42533.65,1.6791,2024-07-11 18:12:43,2025-02-16 13:17:57.000000
315,315,42052.35,0.4396,2024-01-25 09:55:57,2025-02-18 01:20:50.000000
316,316,19961.19,2.2342,2023-07-31 11:41:13,2025-01-23 11:49:40.000000
317,317,25774.84,2.8172,2023-11-24 11:41:55,2025-02-11 20:39:12.000000
318,318,43513.95,3.6068,2024-11-23 03:22:22,2025-02-15 12:54:59.000000
319,319,22953.98,3.9143,2024-05-27 01:36:30,2025-02-17 11:26:25.000000
320,320,25989.31,4.396,2023-12-10 14:24:51,2025-02-18 02:22:23.000000
321,321,47467.49,1.513,2023-11-27 20:52:31,2025-01-28 18:47:22.000000
322,322,12716.27,4.7465,2024-10-14 16:08:41,2025-02-07 01:58:07.000000
323,323,49051.32,3.9355,2024-10-24 06:24:13,2025-01-27 14:59:51.000000
324,324,36735.57,2.0783,2023-09-14 20:10:06,2025-02-07 13:21:28.000000
325,325,44497.25,2.789,2025-02-12 17:06:13,2025-02-10 08:29:17.000000
326,326,7965.93,0.5558,2024-09-01 00:02:38,2025-02-19 10:53:46.000000
327,327,46665.4,1.5239,2024-12-19 08:04:24,2025-02-12 19:15:14.000000
328,328,8173.55,1.3371,2025-01-18 05:01:45,2025-02-01 10:01:13.000000
329,329,21944.13,0.677,2023-12-12 18:18:11,2025-02-06 06:41:51.000000
330,330,31575.56,2.4967,2023-08-01 23:57:34,2025-01-25 12:47:35.000000
331,331,3607.8,3.9145,2023-12-19 00:23:30,2025-01-23 23:33:40.000000
332,332,44363.9,1.3058,2024-04-03 15:01:53,2025-02-07 15:09:03.000000
333,333,5282.89,4.5015,2023-12-11 03:34:40,2025-02-03 21:10:52.000000
334,334,49093.71,2.1313,2024-03-17 01:23:54,2025-02-01 14:04:56.000000
335,335,47787.22,3.1671,2023-08-23 02:58:40,2025-02-18 19:42:08.000000
336,336,45328.36,0.1073,2023-12-31 03:45:34,2025-02-16 08:18:44.000000
337,337,28259.63,0.6578,2024-03-10 19:21:36,2025-02-11 21:33:23.000000
338,338,25443.7,0.18,2024-06-01 01:00:07,2025-02-06 04:11:19.000000
339,339,11951.73,2.0935,2023-08-18 11:12:45,2025-02-12 21:23:27.000000
340,340,36734.15,3.3986,2024-04-24 14:06:20,2025-02-02 00:45:04.000000
341,341,6913.01,1.6645,2025-05-20 07:23:51,2025-02-04 21:45:31.000000
342,342,2849.48,3.2908,2023-12-25 19:09:55,2025-02-16 19:02:08.000000
343,343,1598.15,2.3837,2024-03-27 21:32:10,2025-02-14 17:10:26.000000
344,344,42245.36,0.316,2025-05-14 09:43:45,2025-01-22 16:25:49.000000
345,345,20908.02,4.9665,2023-12-21 09:27:58,2025-01-30 17:27:16.000000
346,346,13871.98,1.1819,2023-07-13 01:56:11,2025-02-10 07:57:35.000000
347,347,1914.91,1.3101,2024-02-15 15:13:40,2025-01-29 00:26:50.000000
348,348,41608.28,0.477,2024-09-06 02:30:22,2025-02-12 14:23:07.000000
349,349,23973.51,3.934,2025-02-26 01:25:26,2025-02-12 03:28:05.000000
350,350,45534.64,4.4242,2025-03-21 16:36:35,2025-01-22 07:46:33.000000
351,351,5540.14,2.4075,2025-05-20 13:42:53,2025-01-24 18:10:07.000000
352,352,32674.07,1.6029,2024-10-30 19:58:57,2025-03-10 19:13:47.000000
353,353,49479.03,4.0407,2024-03-04 20:43:16,2025-03-10 23:08:14.000000
354,354,46109.93,0.4096,2023-10-16 08:54:56,2025-02-24 13:54:29.000000
355,355,8160.88,3.0509,2024-10-24 20:47:22,2025-03-11 15:31:33.000000
356,356,35864.45,0.6193,2025-01-23 13:31:58,2025-03-21 02:47:39.000000
357,357,49141.46,0.613,2025-05-06 15:13:41,2025-03-02 07:50:29.000000
358,358,39048.33,0.2126,2024-08-24 04:06:44,2025-03-16 15:28:35.000000
359,359,4923.84,3.6472,2025-02-08 23:55:15,2025-03-09 04:20:52.000000
360,360,1434.55,0.7257,2025-01-02 18:25:28,2025-03-05 03:08:32.000000
361,361,48097.18,1.7387,2025-03-14 07:48:00,2025-02-25 19:45:46.000000
362,362,28532.0,1.744,2023-12-01 16:58:34,2025-03-03 12:03:23.000000
363,363,37044.19,4.8697,2025-03-25 06:07:11,2025-03-02 17:37:08.000000
364,364,6978.35,4.8663,2024-11-24 04:36:41,2025-03-11 03:23:41.000000
365,365,35412.68,0.1052,2024-09-28 15:22:15,2025-03-05 14:24:44.000000
366,366,5565.43,4.9196,2023-12-01 13:34:36,2025-03-09 18:20:42.000000
367,367,28719.76,3.4836,2025-05-04 02:25:28,2025-03-22 17:12:03.000000
368,368,33973.58,1.8014,2024-01-25 06:44:32,2025-03-02 11:23:00.000000
369,369,15904.14,3.9677,2025-01-31 00:13:12,2025-02-27 04:14:37.000000
370,370,4280.72,4.1449,2023-07-30 13:27:10,2025-02-24 10:00:12.000000
371,371,20446.89,3.1764,2024-09-27 22:36:39,2025-03-01 07:49:32.000000
372,372,22543.56,3.596,2025-02-12 15:05:25,2025-03-17 11:02:18.000000
373,373,21096.93,1.8055,2024-09-20 01:28:42,2025-02-28 18:55:55.000000
374,374,16260.33,0.9666,2025-02-06 06:24:32,2025-03-06 23:22:03.000000
375,375,32418.22,2.7627,2024-12-19 09:44:53,2025-03-06 09:39:25.000000
376,376,36365.85,3.24,2025-04-15 17:05:47,2025-03-11 14:53:51.000000
377,377,25110.06,4.1241,2024-11-29 23:10:40,2025-02-27 15:38:33.000000
378,378,23903.81,2.4463,2024-05-06 01:10:47,2025-03-18 10:49:05.000000
379,379,49885.94,1.6744,2024-04-07 22:40:50,2025-03-20 07:37:41.000000
380,380,40583.96,2.4121,2023-09-20 20:49:35,2025-02-28 06:59:01.000000
381,381,47215.98,0.1084,2024-11-27 02:08:13,2025-03-02 06:09:11.000000
382,382,27890.34,2.1592,2025-03-27 16:39:35,2025-03-03 15:39:35.000000
383,383,14144.43,2.5346,2024-08-02 12:31:52,2025-03-12 17:29:14.000000
384,384,15118.82,0.5605,2025-02-10 02:33:04,2025-03-01 11:26:10.000000
385,385,14349.79,2.1252,2023-11-17 06:45:51,2025-02-22 05:55:25.000000
386,386,3121.76,1.9818,2024-04-30 06:58:35,2025-03-09 07:08:48.000000
387,387,9616.94,0.5591,2024-10-15 13:24:39,2025-03-03 13:13:18.000000
388,388,48845.88,2.5234,2024-06-20 02:30:23,2025-03-11 04:01:34.000000
389,389,45569.46,4.7284,2023-07-19 17:17:39,2025-03-21 19:20:23.000000
390,390,32692.98,4.6591,2023-09-26 09:18:28,2025-03-14 08:52:11.000000
391,391,31271.21,3.6682,2024-03-27 17:58:42,2025-03-09 12:29:40.000000
392,392,27485.99,3.608,2024-12-21 03:34:55,2025-03-10 22:00:54.000000
393,393,32859.59,0.6445,2024-03-22 16:36:47,2025-03-06 09:41:51.000000
394,394,16373.59,3.3062,2023-09-30 19:36:29,2025-03-05 09:41:26.000000
395,395,18657.29,2.3413,2025-01-27 18:52:19,2025-02-26 11:05:56.000000
396,396,23350.07,1.6249,2025-02-10 22:51:36,2025-02-28 13:44:37.000000
397,397,13840.57,4.0788,2024-02-15 19:57:22,2025-03-13 09:58:58.000000
398,398,47401.91,0.6482,2023-08-09 14:15:09,2025-02-25 23:44:17.000000
399,399,6248.33,3.6825,2024-01-03 12:59:51,2025-02-27 16:24:04.000000
400,400,13761.78,4.7543,2024-03-09 23:53:36,2025-02-25 20:43:06.000000
401,401,11128.29,3.224,2025-04-18 09:34:02,2025-03-19 14:58:28.000000
402,402,19954.38,3.8064,2024-04-19 10:51:13,2025-02-28 11:52:02.000000
403,403,7792.52,0.3179,2025-05-06 13:13:31,2025-03-21 23:43:58.000000
404,404,26967.8,0.27,2024-12-21 22:17:57,2025-03-11 19:58:38.000000
405,405,36798.63,2.3284,2025-01-01 00:52:51,2025-03-14 19:45:42.000000
406,406,10464.87,1.7105,2024-06-13 08:57:12,2025-02-27 04:24:59.000000
407,407,6272.11,0.1773,2024-02-16 21:55:41,2025-02-23 16:37:01.000000
408,408,26526.73,3.8277,2024-07-29 17:43:42,2025-03-19 05:44:05.000000
409,409,2360.18,0.6945,2024-01-17 05:12:15,2025-02-23 17:40:28.000000
410,410,18048.76,4.8451,2024-06-26 04:44:10,2025-03-09 04:11:48.000000
411,411,11018.76,2.736,2024-08-09 03:16:26,2025-02-27 09:22:06.000000
412,412,9936.93,1.4588,2024-12-14 23:05:04,2025-03-14 22:41:29.000000
413,413,33045.37,3.7869,2023-12-29 19:07:51,2025-03-20 11:59:08.000000
414,414,5043.45,4.5682,2024-07-14 13:01:13,2025-03-20 19:26:45.000000
415,415,16011.66,2.2556,2024-05-15 07:02:14,2025-03-18 08:23:19.000000
416,416,24793.84,3.4685,2024-01-11 09:12:15,2025-03-05 16:20:53.000000
417,417,16497.81,1.6477,2024-12-22 16:04:29,2025-03-02 07:39:55.000000
418,418,47853.06,3.3744,2024-06-08 10:15:10,2025-03-11 19:50:29.000000
419,419,39481.87,3.216,2023-11-20 13:51:22,2025-03-12 15:31:35.000000
420,420,23095.64,3.6498,2023-11-25 22:07:29,2025-04-02 10:03:49.000000
421,421,45376.44,1.8692,2023-10-06 01:22:07,2025-04-06 23:22:25.000000
422,422,23515.65,2.6768,2024-03-07 01:32:51,2025-03-26 11:38:51.000000
423,423,25894.9,1.6678,2023-08-25 09:26:25,2025-04-11 04:16:55.000000
424,424,45316.11,4.3309,2025-01-22 12:08:16,2025-04-04 10:54:03.000000
425,425,24986.96,3.5117,2024-08-17 09:27:19,2025-04-10 16:42:57.000000
426,426,49481.17,1.9187,2024-06-20 08:55:43,2025-03-21 06:22:46.000000
427,427,36544.54,4.9915,2025-02-06 13:02:54,2025-03-31 02:30:37.000000
428,428,41033.24,3.8887,2024-09-26 19:48:25,2025-03-27 12:11:03.000000
429,429,10417.98,4.1131,2024-01-25 02:53:29,2025-04-03 12:15:16.000000
430,430,10536.44,2.8979,2024-07-23 10:37:41,2025-03-24 10:02:07.000000
431,431,7670.9,1.2636,2024-01-05 23:38:34,2025-04-19 06:16:39.000000
432,432,30574.14,0.4813,2024-07-27 20:13:22,2025-04-07 21:52:50.000000
433,433,36304.9,1.4971,2024-10-09 12:49:31,2025-03-26 16:51:14.000000
434,434,35340.12,3.1753,2024-10-09 15:41:15,2025-03-28 05:14:07.000000
435,435,46353.83,3.7818,2023-06-22 06:21:30,2025-03-26 21:16:55.000000
436,436,1255.72,1.7336,2023-06-11 17:35:36,2025-03-28 03:21:54.000000
437,437,44942.49,4.5262,2025-04-01 08:03:54,2025-03-21 10:01:24.000000
438,438,44147.06,0.5256,2024-04-29 04:28:53,2025-04-02 12:59:40.000000
439,439,25540.88,4.0523,2023-09-23 02:36:15,2025-04-09 05:10:04.000000
440,440,37776.81,2.7379,2023-09-10 12:48:54,2025-04-02 20:41:55.000000
441,441,1460.61,4.6798,2024-09-25 15:10:42,2025-03-21 15:02:55.000000
442,442,41964.55,1.4752,2024-06-02 18:21:08,2025-04-18 17:23:58.000000
443,443,8549.38,3.1852,2024-07-01 15:00:08,2025-03-28 05:45:45.000000
444,444,10381.59,2.0983,2024-07-02 11:18:10,2025-04-01 19:22:32.000000
445,445,20240.98,0.6306,2024-02-13 02:42:35,2025-03-21 08:05:32.000000
446,446,47660.28,0.3876,2023-07-23 09:16:27,2025-04-11 06:56:18.000000
447,447,12193.47,3.3297,2024-01-08 09:45:21,2025-04-13 07:56:41.000000
448,448,11453.25,2.5159,2025-04-14 21:26:54,2025-03-25 06:42:05.000000
449,449,40293.73,0.6263,2023-12-26 18:47:58,2025-04-18 00:36:04.000000
450,450,23140.48,4.1851,2023-05-23 17:17:39,2025-04-01 08:35:28.000000
451,451,13905.04,3.1518,2024-12-23 12:31:13,2025-04-09 22:41:27.000000
452,452,32870.97,1.4896,2023-11-25 10:48:10,2025-03-31 03:01:48.000000
453,453,3154.44,4.9713,2025-04-25 06:58:26,2025-03-23 22:47:11.000000
454,454,20858.91,4.554,2025-01-21 23:36:37,2025-04-08 12:40:15.000000
455,455,19266.64,4.7039,2024-12-24 07:15:04,2025-04-06 15:52:58.000000
456,456,10053.24,1.2249,2024-03-21 20:44:43,2025-05-06 00:06:46.000000
457,457,24553.73,0.8013,2023-10-06 02:51:56,2025-04-27 14:27:30.000000
458,458,6749.29,1.7801,2023-07-05 12:49:10,2025-05-19 04:31:20.000000
459,459,27557.75,4.2302,2024-03-27 12:38:11,2025-05-11 06:58:40.000000
460,460,25686.17,4.1723,2025-04-18 22:59:50,2025-05-18 03:37:16.000000
461,461,29856.05,4.8568,2024-08-29 14:05:33,2025-05-02 11:16:11.000000
462,462,21722.03,0.8754,2023-07-06 13:25:15,2025-05-05 14:53:40.000000
463,463,17077.88,3.0274,2024-08-30 05:22:37,2025-05-15 23:31:36.000000
464,464,49537.92,3.9442,2023-07-03 11:34:48,2025-05-08 09:47:14.000000
465,465,6042.57,2.3615,2024-12-27 16:00:32,2025-05-13 04:11:43.000000
466,466,17898.01,3.7065,2024-08-08 10:03:34,2025-05-04 00:46:04.000000
467,467,12414.85,3.6908,2024-01-05 02:25:59,2025-04-22 19:32:12.000000
468,468,14465.17,0.4666,2024-01-25 17:37:12,2025-04-30 18:17:55.000000
469,469,47957.34,0.3774,2024-08-27 13:51:49,2025-04-22 18:12:06.000000
470,470,35329.29,2.7027,2024-05-29 00:19:19,2025-04-22 13:35:37.000000
471,471,47642.68,1.3717,2023-07-07 18:57:57,2025-05-04 18:11:45.000000
472,472,6786.21,2.5518,2024-03-31 14:45:09,2025-05-06 17:04:18.000000
473,473,12350.58,4.1207,2025-02-20 14:01:32,2025-04-29 23:32:49.000000
474,474,27591.09,0.331,2024-03-11 18:24:37,2025-05-07 18:49:24.000000
475,475,25156.69,0.3346,2023-09-15 13:48:04,2025-04-28 04:26:17.000000
476,476,19289.79,4.0509,2023-12-24 08:18:39,2025-05-11 00:23:57.000000
477,477,12025.34,2.9296,2024-04-29 20:35:38,2025-05-04 16:26:47.000000
478,478,12961.35,0.3498,2024-05-28 12:06:52,2025-05-06 22:55:23.000000
479,479,13821.81,3.06,2023-12-02 14:53:27,2025-05-04 06:39:02.000000
480,480,11118.76,0.3555,2024-01-20 13:09:55,2025-05-14 08:10:22.000000
481,481,9682.03,1.1109,2023-12-23 16:00:07,2025-05-14 17:03:33.000000
482,482,16678.45,4.734,2024-04-09 14:21:19,2025-05-14 01:56:05.000000
483,483,5615.97,1.1637,2023-09-20 20:55:02,2025-04-26 12:32:58.000000
484,484,25724.06,4.632,2024-08-09 19:48:08,2025-06-10 18:36:34.487280
485,485,16248.04,3.551,2023-09-26 07:15:14,2025-06-01 05:58:14.000000
486,486,3098.85,0.5301,2025-05-05 05:51:06,2025-05-28 16:46:34.487280
487,487,35733.27,2.7006,2024-12-02 02:10:36,2025-06-14 17:12:02.000000
488,488,33300.92,4.9071,2024-09-20 21:53:11,2025-06-17 22:23:26.000000
489,489,20573.78,3.5824,2023-07-06 05:02:52,2025-05-24 19:34:52.000000
490,490,45232.46,1.4205,2024-04-19 16:26:30,2025-06-16 14:49:34.487280
491,491,11620.23,3.6619,2024-09-15 07:05:21,2025-05-26 00:12:40.000000
